Workbook

Sheet 比較增減率
A1: 中華民國115年與114年產物保險業保費同期比較統計表
A3: 3月份 | Q3: 單位:元
A4: 年/月 險種 | B4: 火險 | C4: 水險 | D4: 航空險 | E4: 汽車險 | J4: 意外險 | Q4: 合計
E5: 車體損失保險 | F5: 任意責任險 | G5: 強制責任險 | J5: 責任險 | K5: 工程險 | L5: 信用保證 | M5: 其他財產 | N5: 傷害險 | O5: 天災險 | P5: 健康險
G6: 汽車 | H6: 機車 | I6: 電動二輪車 | M6: 責任保險
A7: 114/3 | B7: 1384136032 | C7: 856016801 | D7: 40380975 | E7: 4639686463 | F7: 5751336708 | G7: 1030961567 | H7: 695779709 | I7: 10639170 | J7: 1914014456 | K7: 1745431759 | L7: 174966901 | M7: 1028485857 | N7: 2134249711 | O7: 1729294810 | P7: 517750721 | Q7: =SUM(B7:P7) -> 23653131640
A8: 115/3 | B8: 1568382291 | C8: 1009087885 | D8: 30677366 | E8: 4937384386 | F8: 6348723643 | G8: 1128263381 | H8: 782428771 | I8: 23472378 | J8: 1916715672 | K8: 1742224842 | L8: 141170608 | M8: 1215223239 | N8: 2373679932 | O8: 2895148491 | P8: 649903025 | Q8: =SUM(B8:P8) -> 26762485910
A9: 佔3月比重 | B9: =B8/$Q$8 -> 0.05860376 | C9: =C8/$Q$8 -> 0.037705312 | D9: =D8/$Q$8 -> 0.0011462824 | E9: =E8/$Q$8 -> 0.184489 | F9: =F8/$Q$8 -> 0.23722474 | G9: =G8/$Q$8 -> 0.042158392 | H9: =H8/$Q$8 -> 0.029236027 | I9: =I8/$Q$8 -> 0.00087706269 | ... P9: =P8/$Q$8 -> 0.024284105 | Q9: =SUM(B9:P9) -> 1
A10: 同期增減($) | B10: =B8-B7 -> 184246259 | C10: =C8-C7 -> 153071084 | D10: =D8-D7 -> -9703609 | E10: =E8-E7 -> 297697923 | F10: =F8-F7 -> 597386935 | G10: =G8-G7 -> 97301814 | H10: =H8-H7 -> 86649062 | I10: =I8-I7 -> 12833208 | ... Q10: =Q8-Q7 -> 3109354270
A11: 同期增減(%) | B11: =IF(B7<0,NA,B10/ABS(B7)) -> 0.13311283 | C11: =IF(C7<0,NA,C10/ABS(C7)) -> 0.17881785 | D11: =IF(D7<0,"NA",D10/ABS(D7)) -> -0.2403015 | E11: =IF(E7<0,NA,E10/ABS(E7)) -> 0.064163371 | F11: =IF(F7<0,NA,F10/ABS(F7)) -> 0.10386923 | G11: =IF(G7<0,NA,G10/ABS(G7)) -> 0.094379671 | H11: =IF(H7<0,NA,H10/ABS(H7)) -> 0.1245352 | I11: =IF(I7<0,NA,I10/ABS(I7)) -> 1.2062227 | J11: =IF(J7<0,NA,J10/ABS(J7)) -> 0.001411283 | K11: =IF(K7<0,NA,K10/ABS(K7)) -> -0.0018373202 | L11: =IF(L7<0,NA,L10/ABS(L7)) -> -0.19315821 | ... Q11: =IF(Q7<0,NA,Q10/ABS(Q7)) -> 0.13145635
A14: 1-3月累計數
A15: 年/月 險種 | B15: 火險 | C15: 水險 | D15: 航空險 | E15: 汽車險 | J15: 意外險 | Q15: 合計
E16: 車體損失保險 | F16: 任意責任險 | G16: 強制責任險 | J16: 責任險 | K16: 工程險 | L16: 信用保證 | M16: 其他財產 | N16: 傷害險 | O16: 天災險 | P16: 健康險
G17: 汽車 | H17: 機車 | I17: 電動二輪車 | M17: 責任保險
A18: 114/1-3 | B18: 5981491864 | C18: 3447681734 | D18: 341413527 | E18: 13453740952 | F18: 16850623481 | G18: 2895111417 | H18: 1913194081 | I18: 38854714 | J18: 6157413557 | K18: 7063382053 | L18: 538526808 | M18: 3558431028 | N18: 6186467462 | O18: 5751239034 | P18: 1582799364 | Q18: =SUM(B18:P18) -> 75760371076
A19: 115/1-3 | B19: 5855909444 | C19: 3771852642 | D19: 390003408 | E19: 13468271713 | F19: 17289554403 | G19: 2892986801 | H19: 1925164931 | I19: 63911787 | J19: 5958126686 | K19: 7568860186 | L19: 574740801 | M19: 3878303595 | N19: 6508742428 | O19: 6695702746 | P19: 1935224922 | Q19: =SUM(B19:P19) -> 78777356493
A20: 佔1-3月累計比重 | B20: =B19/$Q$19 -> 0.074334932 | C20: =C19/$Q$19 -> 0.047879909 | D20: =D19/$Q$19 -> 0.0049507044 | E20: =E19/$Q$19 -> 0.17096628 | F20: =F19/$Q$19 -> 0.21947366 | G20: =G19/$Q$19 -> 0.036723583 | H20: =H19/$Q$19 -> 0.024438049 | I20: =I19/$Q$19 -> 0.00081129642 | ... P20: =P19/$Q$19 -> 0.024565751 | Q20: =SUM(B20:P20) -> 1
A21: 同期增減($) | B21: =B19-B18 -> -125582420 | C21: =C19-C18 -> 324170908 | D21: =D19-D18 -> 48589881 | E21: =E19-E18 -> 14530761 | F21: =F19-F18 -> 438930922 | G21: =G19-G18 -> -2124616 | H21: =H19-H18 -> 11970850 | I21: =I19-I18 -> 25057073 | ... Q21: =Q19-Q18 -> 3016985417
A22: 同期增減(%) | B22: =IF(B18<0,NA,B21/ABS(B18)) -> -0.020995167 | C22: =IF(C18<0,NA,C21/ABS(C18)) -> 0.094025764 | D22: =IF(D18<0,NA,D21/ABS(D18)) -> 0.14231973 | E22: =IF(E18<0,NA,E21/ABS(E18)) -> 0.0010800536 | F22: =IF(F18<0,NA,F21/ABS(F18)) -> 0.026048349 | G22: =IF(G18<0,NA,G21/ABS(G18)) -> -0.00073386329 | H22: =IF(H18<0,NA,H21/ABS(H18)) -> 0.0062569972 | I22: =IF(I18<0,NA,I21/ABS(I18)) -> 0.64489145 | ... Q22: =IF(Q18<0,NA,Q21/ABS(Q18)) -> 0.039822738
Q25: 製表:林紫琪 3/10

Sheet 增減原因
A1: 115年與114年產物保險業保費同期比較統計表 保費收入、成長率及其增減原因分析如后：
A3: 險種 | C3: 月份 | D3: 成長率 | E3: 增減原因
A4: 火險 | C4: 1-3月 | D4: =比較增減率!B22 -> -0.020995167 | E4: 1.1-3月份商業火險保費負成長2.49%，主因為115年1月部分續保業務已無同期業績所致。 2.1-3月份住宅火險保費成長1.68%，主因為承保件數增加所致。
C5: 3月 | D5: =比較增減率!B11 -> 0.13311283 | E5: 1.3月份單月商業火險保費成長14.8%，主因為部分巨大保額業務續保所致。 2.3月份單月住宅火險保費成長6.08%，主因為承保件數增加所致。
A6: 水險 | C6: =C4 -> 1-3月 | D6: =比較增減率!C22 -> 0.094025764 | E6: 增加大型業務、倉庫保費增加、部分大型業務保費減少及業績入帳時點調整等因素增加保費收入，內陸運輸險成長7.13%，貨物運輸險衰退0.60%。 船體險入帳時間調整、新增建造險及兵險保費增加整體保費成長43.38%。 漁船險因為新增大型業務船隊、保期切期保費增加及入帳時間調整，整體保費成長10.77%)。
C7: =C5 -> 3月 | D7: =比較增減率!C11 -> 0.17881785 | E7: 內陸運輸險(業績入帳時點調整，整體單月保費較114年同期保費衰退4.39%)。 貨物運輸險(新增業務、貨物價格調整保費增加、倉庫保費增加及保費入帳調整，整體單月保費較114年同期保費成長11.42%)。 船體險(入帳時間調整、新增標案業績及新增兵險等因素，故整體單月保費較113年同期保費成長26.41%)。 漁船險(船隊保期切期調整保費增加、新增大型船隊業績及入帳時間調整等因素，整體單月保費較114年同期保費成長24.03%)。
A8: 航空 | C8: =C4 -> 1-3月 | D8: =比較增減率!D22 -> 0.14231973 | E8: 主因有新機加入、同期作帳調整及業績入帳時點調整等因素。
C9: =C5 -> 3月 | D9: =比較增減率!D11 -> -0.2403015 | E9: 主因今年度較去年度同期客戶未續保及業績入帳時點調整等因素。
A10: 汽車險 | B10: 車體損 | C10: =C4 -> 1-3月 | D10: =比較增減率!E22 -> 0.0010800536 | E10: 1.總市場第一季累計來到 96,434 輛，與 2025 年第一季相比則是僅小幅落後 3.4%，惟續保案件會提前出單，故累積簽單保費仍維持正成長。 2.對於市場回穩走勢而言，2026 年第一季算是有了一個穩定開局；然而，稅金議題、全球戰事與經濟的議題影響仍然巨大，後續發展仍要持續觀察。
C11: =C5 -> 3月 | D11: =比較增減率!E11 -> 0.064163371 | E11: 3 月份臺灣新車市場銷售達 39,318 輛，相比 2 月份有著超過 78%的成長幅度，如此大幅成長主要還是因為 2 月份僅 14 個工作天數，然而對照 2026 年 1 月份的 35,073 輛領牌數，仍然有著超過 12% 正成長。
B12: 任意車責 | C12: =C4 -> 1-3月 | D12: =比較增減率!F22 -> 0.026048349 | E12: 新車交車數增加及續保案件會提前出單所致。
C13: =C5 -> 3月 | D13: =比較增減率!F11 -> 0.10386923 | E13: 新車交車數增加及續保案件會提前出單所致。
B14: 強制車 | C14: =C4 -> 1-3月 | D14: =比較增減率!G22 -> -0.00073386329 | E14: 從人因素減費致負成長。
C15: =C5 -> 3月 | D15: =比較增減率!G11 -> 0.094379671 | E15: 新車交車數增加所致。
B16: 強制機 | C16: =C4 -> 1-3月 | D16: =比較增減率!H22 -> 0.0062569972 | E16: 2026 年1-3月機車市場累積銷售量173,703輛，較去年同期有7.8 % 正成長，惟部份機車2年期保單，今年不會續保，雖有7.8% 正成長，但簽單保費僅小幅成長。
C17: =C5 -> 3月 | D17: =比較增減率!H11 -> 0.1245352 | E17: 告別2月的機車銷售淡季，台灣機車銷售在3月迎來春天！單月總銷量達到71,015台，較2月的44,817台大幅成長58.46%，與去年同期的58,343台相比，也有21.72%的年增幅，車廠也看好今年接下來的銷售表現。
B18: 強制電動二輪 | C18: =C6 -> 1-3月 | D18: =比較增減率!I22 -> 0.64489145 | E18: 微電車因交通部公路局已加強宣導並取締未投保強制險車輛，截至115年3月31日有效件數為353,696件，較2月份增加12,422件。
C19: =C7 -> 3月 | D19: =比較增減率!I11 -> 1.2062227 | E19: 微電車納保強制險已全面實施，截至3月份有效保單增加12,422件，故簽單保費大幅成長。
A20: 意外險 | B20: 責任險 | C20: =C4 -> 1-3月 | D20: =比較增減率!J22 -> -0.032365354
C21: =C5 -> 3月 | D21: =比較增減率!J11 -> 0.001411283
B22: 工程險 | C22: =C4 -> 1-3月 | D22: =比較增減率!K22 -> 0.071563187
C23: =C5 -> 3月 | D23: =比較增減率!K11 -> -0.0018373202
B24: 信用保險 | C24: =C4 -> 1-3月 | D24: =比較增減率!L22 -> 0.067246407
C25: =C5 -> 3月 | D25: =比較增減率!L11 -> -0.19315821
B26: 其他責任險 | C26: =C4 -> 1-3月 | D26: =比較增減率!M22 -> 0.089891462
C27: =C5 -> 3月 | D27: =比較增減率!M11 -> 0.18156534
A28: 傷害險 | C28: =C4 -> 1-3月 | D28: =比較增減率!N22 -> 0.052093536
C29: =C5 -> 3月 | D29: =比較增減率!N11 -> 0.11218473
A30: 天災險 | C30: =C4 -> 1-3月 | D30: =比較增減率!O22 -> 0.16421917 | E30: 1.1-3月份商業火險天災保費成長20.04%，主因為部分巨大保額業務續保所致。 2.1-3月份政策性地震保險保費成長2.7%，主因為承保件數增加所致。
C31: =C5 -> 3月 | D31: =比較增減率!O11 -> 0.67417867 | E31: 1.3月份單月商業火險天災保費成長88.43%，主因為部分巨大保額業務續保所致。 2.3月份單月政策性地震保險保費成長6.61%，主因為承保件數增加所致。
A32: 健康險 | C32: =C4 -> 1-3月 | D32: =比較增減率!P22 -> 0.22265965
C33: =C5 -> 3月 | D33: =比較增減率!P11 -> 0.25524311
E34: 製表:林紫琪
